asin,title,price,num_of_ratings,average_rating,main_image,all_images,product_description,about_product,product_information
B08JMC1988,"boAt Stone 180 5W Bluetooth Speaker with Upto 10 Hours Playback, 1.75"" Driver, IPX7 & TWS Feature(Black)",979,23096,4,https://m.media-amazon.com/images/I/71vI6nfLtYL._SL1500_.jpg,"[""https://m.media-amazon.com/images/I/71vI6nfLtYL._SL1500_.jpg"", ""https://m.media-amazon.com/images/I/71ep9KYzuhL._SL1500_.jpg"", ""https://m.media-amazon.com/images/I/815nLomQsEL._SL1500_.jpg"", ""https://m.media-amazon.com/images/I/61szskBdzNL._SL1500_.jpg"", ""https://m.media-amazon.com/images/I/81lkL-79AxL._SL1500_.jpg"", ""https://m.media-amazon.com/images/I/71s-+hDg5yL._SL1500_.jpg""]",,"['Stone 180 comes equipped with 1.75"" Dynamic Drivers for powerful immersive sound', 'Its power packed 800mAh battery ensures extended indulgence in musical bliss with up to 10 hours of play time, Charging Time : 1.5 Hours', 'The speaker offers 5W of premium High Definition sound, Frequency Response - 70Hz-70kHz', 'Stone 180 supports instant wireless connectivity with latest Bluetooth v5.0', 'Connect two Stone 180’s and turn the scene right around with double the volume at the same clarity level, get the party started anywhere, anytime with the boAt Stone 180', 'It is IPX7 rated which offers protection against sweat and water.', 'It offers dual connectivity via Bluetooth & AUX.', '1 year warranty from the date of purchase']","{""Material"": ""Indianred"", ""Model Name"": ""Stone 180"", ""Speaker Type"": ""Outdoor"", ""Special Feature"": ""Wireless;Portable;Bluetooth"", ""Recommended Uses For Product"": ""Volume"", ""Compatible Devices"": ""Laptop, Tablet, Smartphone"", ""Subwoofer Diameter"": ""1.75 Inches"", ""Net Quantity"": ""1 Piece"", ""Controller Type"": ""Button"", ""Surround Sound Channel Configuration"": ""1"", ""Colour"": ""Black"", ""Battery Life"": ""10 Hours"", ""Included Components"": ""Stone 180;Charging Cable;Audio Cable;User Manual;Warranty Card;Catalogue"", ""Product Dimensions"": ""15D x 15W x 2H Centimeters"", ""Age Range (Description)"": ""Adult"", ""Item Weight"": ""145 g"", ""Is Waterproof"": ""IPX7"", ""Battery Capacity"": ""800"", ""Charging Time"": ""1.5 Hours"", ""Warranty Type"": ""Limited"", ""Brand Name"": ""boAt"", ""Colour Name"": ""Black"", ""RMS Power Range - Amplifiers"": ""5 Watts"", ""Batteries"": ""1 Lithium Ion batteries required. (included)"", ""Item model number"": ""stone 180 5w"", ""Manufacturer"": ""\u200eImagine Marketing Ltd, Unit no. 204 & 205, 2nd floor, D-wing & E-wing, Corporate Avenue, Andheri Ghatkopar Link Road, Mumbai, Maharashtra-400093, India"", ""Country of Origin"": ""China"", ""ASIN"": ""B08JMC1988"", ""Best Sellers Rank"": ""#473 in Electronics (See Top 100 in Electronics)   #5 in Bluetooth Speakers"", ""Date First Available"": ""28 September 2021"", ""Packer"": ""Imagine Marketing Limited Unit no. 204 & 205, 2nd floor, D-wing & E-wing, Corporate Avenue, Andheri Ghatkopar Link Road, Mumbai, Maharashtra-400093, India"", ""Importer"": ""Imagine Marketing Limited Unit no. 204 & 205, 2nd floor, D-wing & E-wing, Corporate Avenue, Andheri Ghatkopar Link Road, Mumbai, Maharashtra-400093, India"", ""Generic Name"": ""Speakers""}"
B0BZ4DJ7GZ,"boAt Aavante Bar 610 Bluetooth Soundbar with 25W RMS Signature Sound, 2.0 Channel with Dual Passive Radiators, Upto 7 Hours Playback & Multi Connectivity(Charcoal Black)","1,998",49200,4.1,https://m.media-amazon.com/images/I/51SFh0i5HHL._SL1500_.jpg,"[""https://m.media-amazon.com/images/I/51SFh0i5HHL._SL1500_.jpg"", ""https://m.media-amazon.com/images/I/61wHlexMEUL._SL1080_.jpg"", ""https://m.media-amazon.com/images/I/81OH1vVSNvL._SL1500_.jpg"", ""https://m.media-amazon.com/images/I/71b8c3b9VvL._SL1500_.jpg"", ""https://m.media-amazon.com/images/I/61zE04tgKhL._SL1500_.jpg"", ""https://m.media-amazon.com/images/I/61m6fLFThCL._SL1500_.jpg"", ""https://m.media-amazon.com/images/I/51BTRACmULL._SL1500_.jpg""]",,"['Power- This powerful soundbar is equipped with 25W RMS boAt Stereo Sound that amplifies your listening experience', '2.0 Channel- The 2.0 Channel setup elevates the audio and lets you experience surround sound from the comfiest corner of your couch', 'Dual Passive Radiators- The Dual Passive Radiators produces crystal clear surround sound, which brings you an immersive sound experience with enhanced bass.', '7 Hours Playback- The 2500mAh powerful battery plays music up to 7 hours on a single charge.', 'Multiple Connectivity- Stream all your music wirelessly with its multiple connectivity(BT, AUX, TF Card).', 'Ergonomically Portable- Its portable design, premium sound quality makes it a perfect style statement for modern homes']","{""Model Name"": ""Aavante Bar"", ""Speaker Type"": ""Soundbar"", ""Special Feature"": ""25W RMS Stereo Sound, Dual Passive Radiators, Total Playback: Up to 6HRS"", ""Recommended Uses For Product"": ""For Smartphones or Tablets, For Televisions Tablets"", ""Compatible Devices"": ""Tablet, Smartphone"", ""Subwoofer Diameter"": ""5 Inches"", ""Net Quantity"": ""1 Piece"", ""Surround Sound Channel Configuration"": ""2 1"", ""Colour"": ""Charcoal Black"", ""Battery Life"": ""7 Hours"", ""Included Components"": ""Aavante Bar 610, User Manual, Warranty Card, Charging Cable"", ""Product Dimensions"": ""6.8D x 41W x 6.8H Centimeters"", ""Age Range (Description)"": ""Adult"", ""Item Weight"": ""700 g"", ""Is Waterproof"": ""false"", ""Warranty Type"": ""Limited"", ""Number of Items"": ""4"", ""Control Method"": ""Touch"", ""Wireless Communication Technology"": ""Bluetooth"", ""Power Source"": ""AC Power"", ""Water Resistance Level"": ""Not Water Resistant"", ""Number of Batteries"": ""1 Lithium Ion batteries required. (included)"", ""Connectivity Protocol"": ""Bluetooth"", ""Includes MP3 player?"": ""No"", ""Number of USB 2 Ports"": ""1"", ""Manufacturer"": ""\u200eImagine Marketing Ltd"", ""Model"": ""Aavante Bar 610"", ""Batteries"": ""1 Lithium Ion batteries required. (included)"", ""Item model number"": ""Aavante Bar 610"", ""Special Features"": ""25W RMS Stereo Sound, Dual Passive Radiators, Total Playback: Up to 6HRS"", ""Audio input compatible with the item"": ""Auxiliary"", ""Speaker amplification type"": ""Passive"", ""Audio Wattage"": ""25 Watts"", ""Batteries Included"": ""Yes"", ""Batteries Required"": ""Yes"", ""Battery cell composition"": ""Lithium Ion"", ""Includes Rechargeable Battery"": ""Yes"", ""Country of Origin"": ""India"", ""ASIN"": ""B0BZ4DJ7GZ"", ""Best Sellers Rank"": ""#147 in Electronics (See Top 100 in Electronics)   #1 in Soundbar Speakers"", ""Date First Available"": ""29 February 2024"", ""Packer"": ""Imagine Marketing Limited Unit no. 204 & 205, 2nd floor, D-wing & E-wing, Corporate Avenue, Andheri Ghatkopar Link Road, Mumbai, Maharashtra-400093, India"", ""Importer"": ""Imagine Marketing Limited Unit no. 204 & 205, 2nd floor, D-wing & E-wing, Corporate Avenue, Andheri Ghatkopar Link Road, Mumbai, Maharashtra-400093, India"", ""Generic Name"": ""Sound Bar""}"
B094RCC4L1,"Mivi Play Bluetooth Speaker with 12 Hours Playtime. Wireless Speaker Made in India with Exceptional Sound Quality, Portable and Built in Mic-Black",799,23489,4.1,https://m.media-amazon.com/images/I/61UJnlIHF9S._SL1500_.jpg,"[""https://m.media-amazon.com/images/I/61UJnlIHF9S._SL1500_.jpg"", ""https://m.media-amazon.com/images/I/71cBPKTE7oS._SL1500_.jpg"", ""https://m.media-amazon.com/images/I/71sNJdmmX1S._SL1500_.jpg"", ""https://m.media-amazon.com/images/I/71wXtCW3AeS._SL1500_.jpg"", ""https://m.media-amazon.com/images/I/81lsa2McSLS._SL1500_.jpg"", ""https://m.media-amazon.com/images/I/71hAl9RQlxS._SL1500_.jpg""]",,"['Studio Grade Sound: The Mivi Play Bluetooth speaker delivers a deep and powerful sound with a solid bass to amplify your beats and make you fall in love with every note.', 'Play it non-stop: The Mivi Play wireless speaker packs a battery life of up to 12 long hours on a single charge to keep your party going on and on till the break of dawn.', 'Premium Brag Worthy Design: The Mivi Play portable wireless speaker comes with a sleek design, that makes it numero uno choice for those who love their music in private or with a couple friends!', 'Connections made stronger: Nobody likes it when their music gets interrupted. Mivi Play’s latest and advanced Bluetooth 5.0 lets you enjoy seamless wireless connectivity, keeping your connections strong and uninterrupted. Now that’s the next generation of wireless bluetooth speakers!', 'Made in India : From design to manufacturing, Mivi Play is a portable wireless speaker proudly made in India. It is built locally to compete globally.', '1 year warranty from the date of purchase, Easy responsive controls change music tracks and control volume']","{""Material"": ""Plastic"", ""Model Name"": ""Play"", ""Speaker Type"": ""Stereo Speaker"", ""Special Feature"": ""Waterproof;Built-in Microphone"", ""Recommended Uses For Product"": ""Music"", ""Compatible Devices"": ""Laptop, Smartphone"", ""Subwoofer Diameter"": ""5 Inches"", ""Net Quantity"": ""1 Count"", ""Controller Type"": ""Button"", ""Surround Sound Channel Configuration"": ""2 1"", ""Colour"": ""Play(Black)"", ""Battery Life"": ""12 Hours"", ""Included Components"": ""Bluetooth Speaker;User Manual;Aux Cable;Charging Cable;Warranty Card"", ""Product Dimensions"": ""7D x 7W x 8H Centimeters"", ""Age Range (Description)"": ""Adult"", ""Item Weight"": ""164 g"", ""Impedance"": ""4 Ohm"", ""Is Waterproof"": ""IPX4 Rating"", ""Charging Time"": ""12 Hours"", ""Number of Items"": ""1"", ""Control Method"": ""Touch"", ""Wireless Communication Technology"": ""Bluetooth"", ""Power Source"": ""Battery Powered"", ""Water Resistance Level"": ""Water Resistant"", ""Number of Batteries"": ""1 Lithium Polymer batteries required. (included)"", ""Audio Driver Type"": ""Dynamic Driver"", ""Connectivity Protocol"": ""Bluetooth"", ""Manufacturer"": ""MIVI"", ""Batteries"": ""1 Lithium Polymer batteries required. (included)"", ""Special Features"": ""Waterproof;Built-in Microphone"", ""Speaker amplification type"": ""Active"", ""Speaker connectivity"": ""Bluetooth"", ""Wattage"": ""5 Watts"", ""Batteries Included"": ""Yes"", ""Batteries Required"": ""Yes"", ""Battery cell composition"": ""Lithium Polymer"", ""Includes Rechargeable Battery"": ""Yes"", ""Country of Origin"": ""India"", ""ASIN"": ""B094RCC4L1"", ""Best Sellers Rank"": ""#520 in Electronics (See Top 100 in Electronics)   #7 in Bluetooth Speakers"", ""Date First Available"": ""12 April 2023"", ""Packer"": ""Mivi, Plot No 29, Road No 76, Phase-3, Jubilee Hills, Hyderabad,Telangana,India,500076"", ""Generic Name"": ""Bluetooth Speaker""}"
B07YNV41FT,"Zebronics ZEB-COUNTY 3W Wireless Bluetooth Portable Speaker With Supporting Carry Handle, USB, SD Card, AUX, FM & Call Function. (Black)",549,76112,3.8,https://m.media-amazon.com/images/I/71wAXhzCmnS._SL1500_.jpg,"[""https://m.media-amazon.com/images/I/71wAXhzCmnS._SL1500_.jpg"", ""https://m.media-amazon.com/images/I/51AjZiRHPtL._SL1500_.jpg"", ""https://m.media-amazon.com/images/I/71kOPhA2K5L._SL1500_.jpg"", ""https://m.media-amazon.com/images/I/61IVaSPgA6L._SL1500_.jpg"", ""https://m.media-amazon.com/images/I/71avH9ycOvL._SL1500_.jpg""]",,"['Zeb-county is a compact and handy portable speaker that comes with multi-connectivity options like wireless BT/USB/micro SD and AUX', 'The speaker comes with a call function along with a built-in fm radio too', 'Speaker impedance 4Ω', 'Frequency response 120hz-15khz', 'Charging time 2.5H', 'Playback time approx. 10 hrs', '1 Year warranty-from the date of purchase', 'To connect to FM: Switch the speaker to FM mode and connect the micro USB cable to the micro USB port of the speaker and leave the other end free (this cable will act as the FM antenna).']","{""Material"": ""Plastic"", ""Model Name"": ""zeb county"", ""Speaker Type"": ""Outdoor"", ""Special Feature"": ""Usb Port, Portable"", ""Recommended Uses For Product"": ""For Music Players"", ""Compatible Devices"": ""ALL BLUETOOTH , USB AND 3.5MM JACK ENABLE DEVICES"", ""Subwoofer Diameter"": ""2 Inches"", ""Net Quantity"": ""1 U"", ""Controller Type"": ""Button"", ""Surround Sound Channel Configuration"": ""mono"", ""Colour"": ""Black"", ""Battery Life"": ""6 Hours"", ""Included Components"": ""Speaker 1 unit Micro USB Charging/ 3.5mm aux cable 1 unit User Manual 1 unit, 1 Speaker, 1 Charging Cable and User Manual"", ""Product Dimensions"": ""14D x 8W x 12H Centimeters"", ""Age Range (Description)"": ""Adult"", ""Item Weight"": ""390 g"", ""Impedance"": ""4 Ohm"", ""Is Waterproof"": ""No"", ""Charging Time"": ""2.5 Hours"", ""Warranty Type"": ""1 year warranty"", ""Number of Items"": ""1"", ""Control Method"": ""App"", ""Wireless Communication Technology"": ""Bluetooth"", ""Speaker Size"": ""14 Centimetres"", ""Power Source"": ""Battery Powered"", ""Tweeter Diameter"": ""1 Inches"", ""Package Type"": ""standard packaging"", ""Number of Batteries"": ""1 Lithium Polymer batteries required. (included)"", ""Connectivity Protocol"": ""Bluetooth"", ""Is Electric"": ""Yes"", ""Number of USB 2 Ports"": ""1"", ""Manufacturer"": ""ZEBRONICS INDIA PRIAVTE LIMITED"", ""Model"": ""Zeb-County"", ""Batteries"": ""1 Lithium Polymer batteries required. (included)"", ""Item model number"": ""Zeb-County"", ""Special Features"": ""Usb Port, Portable"", ""Audio input compatible with the item"": ""Auxiliary"", ""Speaker amplification type"": ""Active"", ""Speaker connectivity"": ""Bluetooth, USB, Micro SD and AUX"", ""Wattage"": ""3 Watts"", ""Batteries Included"": ""Yes"", ""Batteries Required"": ""No"", ""Battery cell composition"": ""Lithium"", ""Total USB ports"": ""1"", ""Includes Rechargeable Battery"": ""No"", ""Country of Origin"": ""India"", ""ASIN"": ""B07YNV41FT"", ""Best Sellers Rank"": ""#346 in Electronics (See Top 100 in Electronics)   #3 in Bluetooth Speakers"", ""Date First Available"": ""3 October 2019"", ""Packer"": ""13/7, Smith Road,,Royapettah CHENNAI-600002"", ""Importer"": ""13/7, Smith Road,,Royapettah CHENNAI-600002"", ""Generic Name"": ""speaker""}"
B0BYZ26QGB,"boAt Stone 352 Bluetooth Speaker with 10W RMS Stereo Sound, IPX7 Water Resistance, TWS Feature, Up to 12H Total Playtime, Multi-Compatibility Modes and Type-C Charging(Raging Black)","1,699",8611,4,https://m.media-amazon.com/images/I/81Dl7qzd40L._SL1500_.jpg,"[""https://m.media-amazon.com/images/I/81Dl7qzd40L._SL1500_.jpg"", ""https://m.media-amazon.com/images/I/61yUDYE+GIL._SL1500_.jpg"", ""https://m.media-amazon.com/images/I/91+XX6mSEGL._SL1500_.jpg"", ""https://m.media-amazon.com/images/I/71YM1-gZpfL._SL1500_.jpg"", ""https://m.media-amazon.com/images/I/81u9maSh7CL._SL1500_.jpg"", ""https://m.media-amazon.com/images/I/81Ieb7RDIWL._SL1500_.jpg"", ""https://m.media-amazon.com/images/I/812fX6sc5NL._SL1500_.jpg"", ""https://m.media-amazon.com/images/I/81bv7MIKSkL._SL1500_.jpg""]",,"['Power- Get ready to be enthralled by the 10W RMS stereo sound on Stone 352 portable wireless speakers.;IP Rating- With a speaker that offers an IPX7 marked resistance against water and splashes, you can enjoy your playlists across terrains in a carefree way. Charging Time About 1.5-2 hours', 'Playback- The speaker offers up to a total of 12 hours of playtime per single charge at 60% volume level. Bluetooth Range - 10m', 'True Wireless- It supports TWS functionality, meaning you can connect two Stone 352s together and simultaneously play music on both of them for twice the impact.', 'Modes- You can enjoy your playlists via multiple connectivity modes namely Bluetooth, AUX and TF Card.; Controls- You can control playback and adjust volume levels with ease courtesy easy to access controls.', 'Battery Average Life: 2.0Hours']","{""Model Name"": ""Stone 352"", ""Speaker Type"": ""Portable Speaker"", ""Special Feature"": ""Wireless;Portable;Bluetooth"", ""Recommended Uses For Product"": ""Volume"", ""Compatible Devices"": ""Tablet, Smartphone"", ""Subwoofer Diameter"": ""5 Inches"", ""Net Quantity"": ""1 Piece"", ""Surround Sound Channel Configuration"": ""2 1"", ""Colour"": ""Raging Black"", ""Battery Life"": ""2 Hours"", ""Included Components"": ""User Manual, Warranty Card, Charging Cable, Stone 352"", ""Product Dimensions"": ""9D x 9W x 11H Centimeters"", ""Age Range (Description)"": ""Adult"", ""Item Weight"": ""550 g"", ""Is Waterproof"": ""True"", ""Charging Time"": ""2 Hours"", ""Warranty Type"": ""Limited"", ""Maximum Range"": ""10 metres"", ""Brand Name"": ""boAt"", ""Colour Name"": ""Raging Black"", ""Batteries"": ""1 Lithium Ion batteries required. (included)"", ""Item model number"": ""Stone 352"", ""Manufacturer"": ""\u200eImagine Marketing Ltd, Unit no. 204 & 205, 2nd floor, D-wing & E-wing, Corporate Avenue, Andheri Ghatkopar Link Road, Mumbai, Maharashtra-400093, India"", ""Country of Origin"": ""China"", ""ASIN"": ""B0BYZ26QGB"", ""Best Sellers Rank"": ""#519 in Electronics (See Top 100 in Electronics)   #6 in Bluetooth Speakers"", ""Date First Available"": ""2 November 2023"", ""Packer"": ""Imagine Marketing Limited Unit no. 204 & 205, 2nd floor, D-wing & E-wing, Corporate Avenue, Andheri Ghatkopar Link Road, Mumbai, Maharashtra-400093, India"", ""Importer"": ""Imagine Marketing Limited Unit no. 204 & 205, 2nd floor, D-wing & E-wing, Corporate Avenue, Andheri Ghatkopar Link Road, Mumbai, Maharashtra-400093, India"", ""Generic Name"": ""Bluetooth Speaker""}"
B0C6QY4TTP,"ZEBRONICS Sound Feast 90 10W Output, Portable Wireless Speaker with Bluetooth v5.0, FM Radio, TWS, 6.3mm Wired Mic Support, USB, mSD, AUX, Mobile Holder and RGB Lights",899,6097,3.8,https://m.media-amazon.com/images/I/51x9396gpjL.jpg,"[""https://m.media-amazon.com/images/I/51x9396gpjL.jpg"", ""https://m.media-amazon.com/images/I/81-CRYTso7L._SL1500_.jpg"", ""https://m.media-amazon.com/images/I/81R3PSsXohL._SL1500_.jpg"", ""https://m.media-amazon.com/images/I/71TUfxichqL._SL1500_.jpg"", ""https://m.media-amazon.com/images/I/71clEhBFx1L._SL1500_.jpg"", ""https://m.media-amazon.com/images/I/81+DYFcshfL._SL1500_.jpg"", ""https://m.media-amazon.com/images/I/71MRpOT3IfL._SL1500_.jpg""]",,"['BT v5.0 / USB / mSD', 'Mobile Holder / TWS Function / Carry handle', '10.16cm driver / 6.3mm Microphone input / 8W RMS', 'LED Lights']","{""Mounting Type"": ""Floor Standing"", ""Material"": ""Plastic"", ""Model Name"": ""ZEB-SOUND FEAST"", ""Speaker Type"": ""Outdoor"", ""Special Feature"": ""Portable"", ""Recommended Uses For Product"": ""Volume"", ""Compatible Devices"": ""Tablet, Smartphone"", ""Net Quantity"": ""1 Count"", ""Surround Sound Channel Configuration"": ""1"", ""Colour"": ""Black"", ""Battery Life"": ""3 Hours"", ""Included Components"": ""Charging Cable - 1 Unit, Speaker - 1 Unit"", ""Product Dimensions"": ""16.3D x 18.2W x 25.3H Centimeters"", ""Age Range (Description)"": ""Adult"", ""Item Weight"": ""650 g"", ""Impedance"": ""2 Ohm"", ""Is Waterproof"": ""TRUE"", ""Warranty Type"": ""Limited"", ""Number of Items"": ""1"", ""Control Method"": ""Touch"", ""Wireless Communication Technology"": ""Bluetooth"", ""Speaker Size"": ""16.3 Centimetres"", ""Power Source"": ""Battery Powered"", ""Tweeter Diameter"": ""1 Inches"", ""Water Resistance Level"": ""Waterproof"", ""Audio Driver Type"": ""Dynamic Driver"", ""Audio Driver Size"": ""10.16 Centimetres"", ""Subwoofer Connectivity Technology"": ""Wireless"", ""Connectivity Protocol"": ""Bluetooth"", ""Is Electric"": ""No"", ""Number of USB 2 Ports"": ""1"", ""Manufacturer"": ""Zebronics India Private Limited"", ""Model"": ""ZEB SOUND FEAST 90"", ""Item model number"": ""ZEB SOUND FEAST 90"", ""Special Features"": ""Portable"", ""Audio input compatible with the item"": ""Auxiliary"", ""Speaker amplification type"": ""Active"", ""Speaker connectivity"": ""Wireless"", ""Wattage"": ""10 Watts"", ""Batteries Included"": ""No"", ""Batteries Required"": ""No"", ""Country of Origin"": ""China"", ""ASIN"": ""B0C6QY4TTP"", ""Best Sellers Rank"": ""#1,153 in Electronics (See Top 100 in Electronics)   #21 in Bluetooth Speakers"", ""Date First Available"": ""31 May 2023"", ""Packer"": ""13/7, Smith Road,,Royapettah CHENNAI-600002"", ""Importer"": ""13/7, Smith Road,,Royapettah CHENNAI-600002"", ""Generic Name"": ""Zebronics Sound Feast 90, 8W RMS with Bluetooth v5.0, USB & mSD Support, FM Radio, AUX Input, TWS Function, Media Control, LED Lights""}"
B0CH3G9VR2,"boAt Aavante Bar 490 Bluetooth Soundbar 10W RMS Signature Sound,2.0 Channel,BTv5.1,Dual Full-Range Drivers, AUX, TF Card, USB, Upto 7 Hrs Playback,Built-in Mic,TWS Feature(Classic Black)","1,199",678,3.9,https://m.media-amazon.com/images/I/71-I9Bk8dgL._SL1500_.jpg,"[""https://m.media-amazon.com/images/I/71-I9Bk8dgL._SL1500_.jpg"", ""https://m.media-amazon.com/images/I/61wHlexMEUL._SL1080_.jpg"", ""https://m.media-amazon.com/images/I/71HDfdLqTWL._SL1500_.jpg"", ""https://m.media-amazon.com/images/I/71jmp1YggpL._SL1500_.jpg"", ""https://m.media-amazon.com/images/I/71r9HbcFOvL._SL1500_.jpg"", ""https://m.media-amazon.com/images/I/71zuhxvRzKL._SL1500_.jpg"", ""https://m.media-amazon.com/images/I/71l2EMKM66L._SL1500_.jpg""]",,"['Impressive Sound: Enjoy crisp and clear audio with 10W RMS of boAt Signature Sound delivered by dual full-range drivers in a 2.0 channel portable soundbar.', 'Double the Power: Experience enhanced audio with TWS (True Wireless Stereo) pairing, doubling the power and creating a more immersive listening experience.', 'Extended Playback: With a total playback time of up to 7 hours, this portable soundbar keeps the music going throughout your day.', 'Versatile Connectivity: Connect seamlessly with Multi-Connectivity Modes, including Bluetooth v5.1, ensuring compatibility with various devices.', 'Hands-Free Calls: The built-in microphone allows for convenient hands-free calling, making it a practical companion for both music and communication on the go.']","{""Model Name"": ""Aavante Bar"", ""Speaker Type"": ""Subwoofer;Soundbar;3D"", ""Special Feature"": ""Impressive Sound, Hands-Free Calls, Extended Playback, Double the Power, Versatile Connectivity"", ""Recommended Uses For Product"": ""For Smartphones or Tablets, For Televisions Tablets"", ""Compatible Devices"": ""Tablet, Smartphone"", ""Subwoofer Diameter"": ""5 Inches"", ""Net Quantity"": ""1 Piece"", ""Surround Sound Channel Configuration"": ""2"", ""Colour"": ""Classic Black"", ""Battery Life"": ""7 Hours"", ""Included Components"": ""User Manual, Warranty Card, Charging Cable, Aavante 490"", ""Product Dimensions"": ""38.7D x 6.5W x 5.5H Centimeters"", ""Age Range (Description)"": ""Adult"", ""Item Weight"": ""650 g"", ""Is Waterproof"": ""false"", ""Warranty Type"": ""Limited"", ""Brand Name"": ""boAt"", ""Colour Name"": ""Classic Black"", ""Batteries"": ""1 Lithium Polymer batteries required. (included)"", ""Item model number"": ""Aavante Bar 490"", ""Manufacturer"": ""\u200eImagine Marketing Ltd, \u200eImagine Marketing Ltd, Unit no. 204 & 205, 2nd floor, D-wing & E-wing, Corporate Avenue, Andheri Ghatkopar Link Road, Mumbai, Maharashtra-400093, India For product related query call Contact Support + 91(022)69181920 or email @ info@imaginemarketingindia.com."", ""Country of Origin"": ""India"", ""ASIN"": ""B0CH3G9VR2"", ""Best Sellers Rank"": ""#438 in Electronics (See Top 100 in Electronics)   #2 in Soundbar Speakers"", ""Date First Available"": ""14 November 2023"", ""Packer"": ""Imagine Marketing Limited Unit no. 204 & 205, 2nd floor, D-wing & E-wing, Corporate Avenue, Andheri Ghatkopar Link Road, Mumbai, Maharashtra-400093, India"", ""Importer"": ""Imagine Marketing Limited Unit no. 204 & 205, 2nd floor, D-wing & E-wing, Corporate Avenue, Andheri Ghatkopar Link Road, Mumbai, Maharashtra-400093, India"", ""Generic Name"": ""Sound Bar""}"
B0CC5VH2LW,"boAt Stone 580 Bluetooth Speaker with 12W RMS Stereo Sound, LED Lights, Up to 8 HRS Playtime, TWS Feature, FM Radio, Multi-Compatibility Mode, IPX4(Midnight Black)","1,599",675,3.7,https://m.media-amazon.com/images/I/81ocVi-mglL._SL1500_.jpg,"[""https://m.media-amazon.com/images/I/81ocVi-mglL._SL1500_.jpg"", ""https://m.media-amazon.com/images/I/61wHlexMEUL._SL1080_.jpg"", ""https://m.media-amazon.com/images/I/71NORreZnZL._SL1500_.jpg"", ""https://m.media-amazon.com/images/I/81FIuDFfU9L._SL1500_.jpg"", ""https://m.media-amazon.com/images/I/81UHk90CA-L._SL1500_.jpg"", ""https://m.media-amazon.com/images/I/81c-GN25uHL._SL1500_.jpg""]",,"['Get ready to be enthralled by the 12W RMS stereo sound on Stone 580 portable wireless speaker.', 'It supports TWS functionality, meaning you can connect two Stone 580s together and play music on both simultaneously for twice the impact.', 'The IPX4 marked water and splash-resistant build lets you carry your sound wherever travel without any worry.', 'The speaker offers up to a total of 8 hours of playtime per single charge via Type C interface at 60% volume level.', 'Tune into the world of on-air music with uninterrupted songs and audio shows with FM radio.', 'Never have a dull moment with the thunderous sound and stylish LED lights of Stone 580', 'Enjoy the true sound of your playlists with an impact courtesy the speaker’s ergonomic design.', 'You can enjoy the playback via multiple connectivity modes namely Bluetooth, AUX & USB.']","{""Model Name"": ""Stone 580"", ""Speaker Type"": ""Multimedia"", ""Special Feature"": ""Portable"", ""Recommended Uses For Product"": ""For Smartphones"", ""Compatible Devices"": ""Tablet, Smartphone"", ""Subwoofer Diameter"": ""5 Inches"", ""Net Quantity"": ""1 Piece"", ""Colour"": ""Midnight Black"", ""Battery Life"": ""8 Hours"", ""Included Components"": ""Stone 580"", ""Product Dimensions"": ""25.5D x 11W x 8.7H Centimeters"", ""Age Range (Description)"": ""Adult"", ""Item Weight"": ""880 g"", ""Is Waterproof"": ""IPX4 water and splash-resistant"", ""Charging Time"": ""8 Hours"", ""Brand Name"": ""boAt"", ""Colour Name"": ""Midnight Black"", ""Batteries"": ""1 Lithium Ion batteries required. (included)"", ""Item model number"": ""Stone 580"", ""Manufacturer"": ""\u200eImagine Marketing Ltd, Unit no. 204 & 205, 2nd floor, D-wing & E-wing, Corporate Avenue, Andheri Ghatkopar Link Road, Mumbai, Maharashtra-400093, India"", ""Country of Origin"": ""China"", ""ASIN"": ""B0CC5VH2LW"", ""Best Sellers Rank"": ""#741 in Electronics (See Top 100 in Electronics)   #13 in Bluetooth Speakers"", ""Date First Available"": ""16 August 2023"", ""Packer"": ""Imagine Marketing Limited Unit no. 204 & 205, 2nd floor, D-wing & E-wing, Corporate Avenue, Andheri Ghatkopar Link Road, Mumbai, Maharashtra-400093, India"", ""Importer"": ""Imagine Marketing Limited Unit no. 204 & 205, 2nd floor, D-wing & E-wing, Corporate Avenue, Andheri Ghatkopar Link Road, Mumbai, Maharashtra-400093, India"", ""Generic Name"": ""Stone 580""}"
B08FB396L1,"JBL Go 3, Wireless Ultra Portable Bluetooth Speaker, Pro Sound, Vibrant Colors with Rugged Fabric Design, Waterproof, Type C (Without Mic, Blue)","2,798",16569,4.5,https://m.media-amazon.com/images/I/51waOv47fqL._SL1000_.jpg,"[""https://m.media-amazon.com/images/I/51waOv47fqL._SL1000_.jpg"", ""https://m.media-amazon.com/images/I/61WznBHVXlL._SL1000_.jpg"", ""https://m.media-amazon.com/images/I/51eCmida9KL._SL1000_.jpg"", ""https://m.media-amazon.com/images/I/51KSeDBCYpL._SL1000_.jpg"", ""https://m.media-amazon.com/images/I/41LT0mmIJoL._SL1000_.jpg"", ""https://m.media-amazon.com/images/I/51MhL4aeD8L._SL1000_.jpg"", ""https://m.media-amazon.com/images/I/61-CETHUtdL._SL1000_.jpg""]",,"['Ultimate JBL Pro Sound: Enjoy signature JBL bass without any distortion.', 'Port-anywhere: Feather light, ultra-portable grab-and-go design. Charging Time: 2.5 Hrs', 'IP67 water-resistant and dust-resistant: Engineered to withstand splashes and sand.', 'Quick-Connect: Experience your music and movies without any lagging with Bluetooth 5.1’s Insta-sync.', 'Mega Playtime: One single charge = upto 5 Hour battery backup under optimum audio settings.']","{""Material"": ""fabric"", ""Model Name"": ""GO 3"", ""Speaker Type"": ""Stereo Speaker"", ""Special Feature"": ""Ultra-Portable, IP67 Waterproof and Sweatproof"", ""Recommended Uses For Product"": ""For Smartphones or Tablets"", ""Compatible Devices"": ""Laptop,Tablet,Smartphone"", ""Subwoofer Diameter"": ""12 Inches"", ""Net Quantity"": ""1 Pack"", ""Controller Type"": ""Push Button"", ""Surround Sound Channel Configuration"": ""1"", ""Colour"": ""BLUE"", ""Battery Life"": ""5 Hours"", ""Included Components"": ""1 x JBL GO 3, 1 x Type C USB cable, 1 x Quick start guide, 1 x Warranty card, 1 x Safety sheet"", ""Product Dimensions"": ""7.5D x 8.7W x 4.1H Centimeters"", ""Age Range (Description)"": ""Adult"", ""Item Weight"": ""209 g"", ""Is Waterproof"": ""IP67"", ""Charging Time"": ""2.5 Hours"", ""Warranty Type"": ""Limited"", ""Maximum Range"": ""10 metres"", ""Batteries"": ""1 Lithium Metal batteries required."", ""Item model number"": ""JBLGO3BLU"", ""Speaker Amplification Type"": ""Active"", ""Speaker Count"": ""1"", ""Audio Wattage"": ""4.2 Watts"", ""Size"": ""Standard"", ""Battery Type"": ""Lithium Polymer"", ""Power Source"": ""Battery Powered"", ""RAM Size"": ""1"", ""Wattage"": ""4.2 Watts"", ""Manufacturer"": ""Harman International Industries, Inc, Harman International (India) Pvt Ltd, Salarpuria Sattva Knowledge Court Office-1, Wing \u2018A\u2019 & \u2018B\u2019 6th floor, Plot No. 9, Phase I , Doddenakkundi Industrial Area, Survey No. 77, K.R. Puram Hobli, Bangalore -560048,Karnataka"", ""Country of Origin"": ""China"", ""ASIN"": ""B08FB396L1"", ""Best Sellers Rank"": ""#668 in Electronics (See Top 100 in Electronics)   #12 in Bluetooth Speakers"", ""Date First Available"": ""11 August 2020"", ""Packer"": ""Harman International (India) Pvt Ltd, Salarpuria Sattva Knowledge Court Office-1, Wing \u2018A\u2019 & \u2018B\u2019 6th floor, Plot No. 9, Phase I , Doddenakkundi Industrial Area, Survey No. 77, K.R. Puram Hobli, Bangalore -560048,Karnataka"", ""Importer"": ""Harman International (India) Pvt Ltd, Prestige Technology Park, 4th Floor, Jupiter 2A, Marathali Ring Rod, Bangalore 560103, India"", ""Generic Name"": ""Speaker""}"
B08PGYZQ9H,"Mivi Roam 2 Bluetooth 5W Portable Speaker,24 Hours Playtime,Powerful Bass, Wireless Stereo Speaker with Studio Quality Sound,Waterproof, Bluetooth 5.0 and in-Built Mic with Voice Assistance-Blue",899,41374,4.2,https://m.media-amazon.com/images/I/812XMlzZOhL._SL1500_.jpg,"[""https://m.media-amazon.com/images/I/812XMlzZOhL._SL1500_.jpg"", ""https://m.media-amazon.com/images/I/81mUSFkEygL._SL1500_.jpg"", ""https://m.media-amazon.com/images/I/81dJWxAle4L._SL1500_.jpg"", ""https://m.media-amazon.com/images/I/81TMomDOq3L._SL1500_.jpg"", ""https://m.media-amazon.com/images/I/81EJk1pa9TL._SL1500_.jpg"", ""https://m.media-amazon.com/images/I/91VmVtSDW4L._SL1500_.jpg"", ""https://m.media-amazon.com/images/I/81JwRPLiyFL._SL1500_.jpg"", ""https://m.media-amazon.com/images/I/81mUSFkEygL._SL1500_.jpg""]",,"['Small Frame. Big Sound- Roam 2 wireless speaker is designed to deliver loud and clear music by pumping out sharp trebles, detailed mids and punchy bass. Now enjoy more richer & immersive notes to fill your room with music.', 'Heavy Bass - Small in size yet big on Bass, get the party started by taking your music up a notch with resonating bass of Roam 2.Built-in rechargeable battery : 2000mAh, Air-craft grade Aluminium Body', 'Made in India and worry-free warranty: From design to manufacturing, Roam 2 is proudly made in India and is backed by Miviâs worry-free one year manufacturing warranty.', '1 year warranty from the date of purchase', '24 Hours Play Time â The only portable 5W speaker which gives you not 4or 5 but a whopping 24hrs playtime at 70% volume. Now, there is nothing else that can top that']","{""Material"": ""Aluminum"", ""Model Name"": ""Roam2"", ""Speaker Type"": ""Full Range Speaker"", ""Special Feature"": ""Waterproof, Built-in Microphone, Bass Boost, Dustproof, Dropproof"", ""Recommended Uses For Product"": ""For Smartphones or Tablets,For Televisions,For Computers"", ""Compatible Devices"": ""Laptop, Television, Smartphone"", ""Subwoofer Diameter"": ""5 Inches"", ""Net Quantity"": ""1 Count"", ""Controller Type"": ""Button, Voice Control"", ""Surround Sound Channel Configuration"": ""5 1"", ""Colour"": ""Roam 2(Blue)"", ""Battery Life"": ""24 Hours"", ""Included Components"": ""Bluetooth Speaker;User Manual;Aux Cable;Charging Cable;Warranty Card"", ""Product Dimensions"": ""5D x 5W x 5H Centimeters"", ""Age Range (Description)"": ""Adult"", ""Item Weight"": ""204 g"", ""Impedance"": ""4 Ohm"", ""Is Waterproof"": ""IPX7 Rating"", ""Charging Time"": ""24 Hours"", ""Number of Items"": ""1"", ""Control Method"": ""Touch"", ""Wireless Communication Technology"": ""Bluetooth"", ""Power Source"": ""Battery Powered"", ""Tweeter Diameter"": ""1 Inches"", ""Vehicle Service Type"": ""Bus"", ""Number of Batteries"": ""1 Lithium Polymer batteries required. (included)"", ""Connectivity Protocol"": ""Bluetooth"", ""Includes MP3 player?"": ""No"", ""Is Electric"": ""Yes"", ""Manufacturer"": ""MIVI"", ""Batteries"": ""1 Lithium Polymer batteries required. (included)"", ""Special Features"": ""Waterproof, Built-in Microphone, Bass Boost, Dustproof, Dropproof"", ""Speaker amplification type"": ""Active"", ""Speaker connectivity"": ""Aux & Bluetooth"", ""Wattage"": ""5 Watts"", ""Batteries Included"": ""Yes"", ""Batteries Required"": ""Yes"", ""Battery cell composition"": ""Lithium Polymer"", ""Includes Rechargeable Battery"": ""Yes"", ""Country of Origin"": ""India"", ""ASIN"": ""B08PGYZQ9H"", ""Best Sellers Rank"": ""#712 in Electronics (See Top 100 in Electronics)   #11 in Bluetooth Speakers"", ""Date First Available"": ""12 April 2023"", ""Packer"": ""Mivi, Plot No 29, Road No 76, Phase-3, Jubilee Hills, Hyderabad,Telangana,India,500076"", ""Generic Name"": ""Bluetooth Speaker""}"
B0D86YS8MB,"Amazon Basics Party Speaker with Karaoke Mic, 16W, 4"" Double Woofer, RGB Light, 1800 mAh Battery, Digital Display, Remote Control, Bluetooth/Aux/USB Port/SD Card Connectivity","1,399",50,3.5,https://m.media-amazon.com/images/I/717eQdPi0zL._SL1500_.jpg,"[""https://m.media-amazon.com/images/I/717eQdPi0zL._SL1500_.jpg"", ""https://m.media-amazon.com/images/I/81TsWJBnPNL._SL1500_.jpg"", ""https://m.media-amazon.com/images/I/71RiTS5p6GL._SL1500_.jpg"", ""https://m.media-amazon.com/images/I/71eXoW1nPAL._SL1500_.jpg"", ""https://m.media-amazon.com/images/I/811QBZriqPL._SL1500_.jpg"", ""https://m.media-amazon.com/images/I/81CIG5Cn-2L._SL1500_.jpg"", ""https://m.media-amazon.com/images/I/816dLTxX3UL._SL1500_.jpg"", ""https://m.media-amazon.com/images/I/71n0eFrNpnL._SL1500_.jpg"", ""https://m.media-amazon.com/images/I/71He-WKWVeL._SL1500_.jpg"", ""https://m.media-amazon.com/images/I/61qXaHRsJ9L._SL1500_.jpg""]",,"['Powerful Output: Amazon Basics 16W soundbar with dual 8W drivers delivers enhanced sound across PCs, phones, laptops, and TVs.', 'Cinematic Bass: Its 2X bass reflex provides unparalleled depth and clarity for an immersive indoor experience.', 'Enhanced Viewing Experience: Equipped with RGB lights and LED display, it enhances your viewing and gaming experiences.', 'Wired Mic: It comes with a wired microphone, making it perfect for karaoke and parties.', 'Longer Playback: Backed by its 1800mAh Li-ion rechargeable battery, it offers up to 7 hrs of wireless playback at 70% volume with RGB lights on.']","{""Brand"": ""amazon basics"", ""Manufacturer"": ""Apextronics"", ""Model Name"": ""AB-PS-002"", ""Product Dimensions"": ""15.9 x 39.5 x 15 cm; 1.42 kg"", ""Batteries"": ""1 Lithium Ion batteries required. (included)"", ""Mounting Hardware"": ""Microphone"", ""Number of items"": ""1"", ""Speaker amplification type"": ""Passive"", ""Batteries Included"": ""Yes"", ""Batteries Required"": ""Yes"", ""Battery cell composition"": ""Lithium Ion"", ""Includes Rechargeable Battery"": ""No"", ""Item Weight"": ""1 kg 420 g"", ""ASIN"": ""B0D86YS8MB"", ""Best Sellers Rank"": ""#1,057 in Electronics (See Top 100 in Electronics)   #20 in Bluetooth Speakers"", ""Date First Available"": ""18 July 2024"", ""Packer"": ""Apextronics_18/45, Site IV, Sahibabad Industrial Area, Ghaziabad, Uttar Pradesh - 201010"", ""Item Dimensions LxWxH"": ""15.9 x 39.5 x 15 Centimeters"", ""Generic Name"": ""Speaker""}"
B094RD2SM9,"Mivi Play Bluetooth Speaker with 12 Hours Playtime. Wireless Speaker Made in India with Exceptional Sound Quality, Portable and Built in Mic-Blue, One Size",799,23489,4.1,https://m.media-amazon.com/images/I/61Dw2jJTurS._SL1500_.jpg,"[""https://m.media-amazon.com/images/I/61Dw2jJTurS._SL1500_.jpg"", ""https://m.media-amazon.com/images/I/71mIN9ghg+S._SL1500_.jpg"", ""https://m.media-amazon.com/images/I/71n3n7jTraS._SL1500_.jpg"", ""https://m.media-amazon.com/images/I/61-I-cg03JS._SL1500_.jpg"", ""https://m.media-amazon.com/images/I/81lsa2McSLS._SL1500_.jpg"", ""https://m.media-amazon.com/images/I/81A-qLordZS._SL1500_.jpg""]",,"['Studio Grade Sound: The Mivi Play Bluetooth speaker delivers a deep and powerful sound with a solid bass to amplify your beats and make you fall in love with every note.', 'Play it non-stop: The Mivi Play wireless speaker packs a battery life of up to 12 long hours on a single charge to keep your party going on and on till the break of dawn.', 'Premium Brag Worthy Design: The Mivi Play portable wireless speaker comes with a sleek design, that makes it numero uno choice for those who love their music in private or with a couple friends!', 'Connections made stronger: Nobody likes it when their music gets interrupted. Mivi Play’s latest and advanced Bluetooth 5.0 lets you enjoy seamless wireless connectivity, keeping your connections strong and uninterrupted. Now that’s the next generation of wireless bluetooth speakers!', 'Made in India : From design to manufacturing, Mivi Play is a portable wireless speaker proudly made in India. It is built locally to compete globally.', '1 year warranty from the date of purchase, Easy responsive controls change music tracks and control volume']","{""Model Name"": ""Play"", ""Speaker Type"": ""Full Range Speaker"", ""Special Feature"": ""Waterproof;Built-in Microphone"", ""Recommended Uses For Product"": ""Indoor"", ""Compatible Devices"": ""Laptop, Smartphone"", ""Subwoofer Diameter"": ""5 Inches"", ""Net Quantity"": ""1 Count"", ""Controller Type"": ""Button"", ""Surround Sound Channel Configuration"": ""2 1"", ""Colour"": ""Play (Blue)"", ""Battery Life"": ""12 Hours"", ""Included Components"": ""Bluetooth Speaker;User Manual;Aux Cable;Charging Cable;Warranty Card"", ""Product Dimensions"": ""7D x 8W x 6.8H Centimeters"", ""Age Range (Description)"": ""Adult"", ""Item Weight"": ""164 g"", ""Impedance"": ""4 Ohm"", ""Is Waterproof"": ""IPX4 Rating"", ""Number of Items"": ""1"", ""Control Method"": ""Touch"", ""Wireless Communication Technology"": ""Bluetooth"", ""Speaker Size"": ""52 Millimetres"", ""Power Source"": ""Battery Powered"", ""Vehicle Service Type"": ""Bus"", ""Number of Batteries"": ""1 Lithium Polymer batteries required. (included)"", ""Connectivity Protocol"": ""Bluetooth"", ""Manufacturer"": ""MIVI"", ""Batteries"": ""1 Lithium Polymer batteries required. (included)"", ""Special Features"": ""Waterproof;Built-in Microphone"", ""Speaker amplification type"": ""Active"", ""Speaker connectivity"": ""Aux & Bluetooth"", ""Audio Wattage"": ""5 Watts"", ""Wattage"": ""5 Watts"", ""Batteries Included"": ""Yes"", ""Batteries Required"": ""Yes"", ""Battery cell composition"": ""Lithium Polymer"", ""Includes Rechargeable Battery"": ""Yes"", ""Country of Origin"": ""India"", ""ASIN"": ""B094RD2SM9"", ""Best Sellers Rank"": ""#1,285 in Electronics (See Top 100 in Electronics)   #25 in Bluetooth Speakers"", ""Date First Available"": ""12 May 2021"", ""Packer"": ""Mivi, Plot No 29, Road No 76, Phase-3, Jubilee Hills, Hyderabad,Telangana,India,500076"", ""Generic Name"": ""Bluetooth Speaker""}"
B0CTRV2FVH,"pTron Fusion Beats 40W Karaoke Bluetooth Party Speaker, Loud & Clear Stereo Sound, RGB Lights, 3 mtr Wired Mic, BT/USB/SD Card Playback & Type C Charging (Black)","1,699",810,3.5,https://m.media-amazon.com/images/I/614VnDOQaaL._SL1200_.jpg,"[""https://m.media-amazon.com/images/I/614VnDOQaaL._SL1200_.jpg"", ""https://m.media-amazon.com/images/I/61+gvWWK0uL._SL1200_.jpg"", ""https://m.media-amazon.com/images/I/71vsAC-Rx1L._SL1200_.jpg"", ""https://m.media-amazon.com/images/I/71v9-DNz0eL._SL1200_.jpg"", ""https://m.media-amazon.com/images/I/61CbrJ+vthL._SL1200_.jpg"", ""https://m.media-amazon.com/images/I/71mzYNHO6kL._SL1200_.jpg"", ""https://m.media-amazon.com/images/I/71IaJmUneUL._SL1200_.jpg"", ""https://m.media-amazon.com/images/I/71Lw13ySMiL._SL1200_.jpg""]",,"['40W Immersive Stereo Sound, Full range 4""x2 Dynamic Speaker offers Powerful Sound to start a party anywhere, anytime | Wired Karaoke Microphone with 3 mtr long cord for a Perfect Karaoke Night', 'Colorful RGB Lights for Party Vibes | Lightweight & Portable Bluetooth Party Speaker for Indoor/Outdoor Use | Up to 6 Hours of Music Playtime thru TF Card | Media and Volume Control', 'Bluetooth V5.1 for Quick Pairing & Strong 10mtrs Wireless Connectivity | Multiple Playback Options for you - BT, TF Card Play, USB Pendrive Play Playback | Multiple RGB Lighting Effects', 'TWS Feature to Connect 2 Fusion Beat Speakers as 1 to Double the Sound Impact | SNR ≥85dB | Power Voltage 1A DC 5V & Type-C USB Charging | Integrated Easy Controls to Manage Music Smoothly', 'Box Contains: 1*Speaker, 1*Wired Mic, 1*User Guide Card, 1*Type C Charging Cable | 1 Year Manufacturer Warranty from the Date of Purchase on Manufacturing defects']",{}
B09GFRV7L5,"boAt Stone 620 Bluetooth Speaker with 12W RMS Stereo Sound, 10HRS Playtime, TWS Feature, IPX4, Multi-Compatibility Mode(Black)","1,959",6830,4.1,https://m.media-amazon.com/images/I/61oSoHc7VtL._SL1500_.jpg,"[""https://m.media-amazon.com/images/I/61oSoHc7VtL._SL1500_.jpg"", ""https://m.media-amazon.com/images/I/61wHlexMEUL._SL1080_.jpg"", ""https://m.media-amazon.com/images/I/61jxrJXUWqL._SL1500_.jpg"", ""https://m.media-amazon.com/images/I/71hdbOLOIQL._SL1500_.jpg"", ""https://m.media-amazon.com/images/I/71C+gNcZEZL._SL1500_.jpg""]",,"['Get ready to be enthralled by the 12W RMS stereo sound on Stone 620 portable wireless speaker. Frequency - 120Hz-20KHz;It supports TWS functionality, meaning you can connect two Stone 620s together and play music on both of them simultaneously for twice the impact. Charging time: 3h', 'The IPX4 marked water and splash resistant build lets you carry your sound wherever travel without any worry.;The speaker offers up to a total of 10 hours of playtime per single charge via Type C interface at 60% volume level.', 'Enjoy the true sound of your playlists with a 360° impact courtesy the speaker s ergonomic cylindrical design.; You can enjoy the playback via multiple connectivity modes namely Bluetooth, AUX & USB.', 'You can also control playback, attend calls and activate smart voice assistant with ease courtesy easy access controls and built-in mic', 'Battery Average Life: 10.0 Hours']","{""Mounting Type"": ""Tabletop"", ""Model Name"": ""boAt Stone 620"", ""Speaker Type"": ""Outdoor"", ""Special Feature"": ""Water Resistant"", ""Recommended Uses For Product"": ""Smartphones,Tablets,Computers"", ""Compatible Devices"": ""Laptop, Tablet, Smartphone"", ""Net Quantity"": ""1 Piece"", ""Controller Type"": ""Button, Voice Control"", ""Surround Sound Channel Configuration"": ""1"", ""Colour"": ""Black"", ""Battery Life"": ""10 Hours"", ""Included Components"": ""Stone 620, Charging cable, Warranty card, Manual"", ""Product Dimensions"": ""19D x 7W x 7H Centimeters"", ""Age Range (Description)"": ""any"", ""Item Weight"": ""520 g"", ""Is Waterproof"": ""TRUE"", ""Charging Time"": ""3 Hours"", ""Warranty Type"": ""Limited"", ""Brand Name"": ""boAt"", ""Colour Name"": ""Black"", ""Batteries"": ""1 Lithium Ion batteries required. (included)"", ""Item model number"": ""Stone 620"", ""Manufacturer"": ""\u200eImagine Marketing Ltd, Unit no. 204 & 205, 2nd floor, D-wing & E-wing, Corporate Avenue, Andheri Ghatkopar Link Road, Mumbai, Maharashtra-400093, India"", ""Country of Origin"": ""China"", ""Imported By"": ""Imagine Marketing Ltd"", ""ASIN"": ""B09GFRV7L5"", ""Best Sellers Rank"": ""#863 in Electronics (See Top 100 in Electronics)   #15 in Bluetooth Speakers"", ""Date First Available"": ""30 June 2023"", ""Packer"": ""Imagine Marketing Limited Unit no. 204 & 205, 2nd floor, D-wing & E-wing, Corporate Avenue, Andheri Ghatkopar Link Road, Mumbai, Maharashtra-400093, India"", ""Importer"": ""Imagine Marketing Limited Unit no. 204 & 205, 2nd floor, D-wing & E-wing, Corporate Avenue, Andheri Ghatkopar Link Road, Mumbai, Maharashtra-400093, India"", ""Generic Name"": ""Bluetooth Speaker""}"
